App Name,Key,Hash
Zeli,AdjustSdk_AdjustSdk.bundle/Info.plist,u4Fov4k/BjJmrzZ2Q6yqbkYBWlI=
Zeli,AdjustSdk_AdjustSdk.bundle/PrivacyInfo.xcprivacy,DuU58YZVvxd7uGlZDejeOmcLCHE=
Zeli,Base.lproj/LaunchScreen.storyboardc/Info.plist,n2t8gsDpfE6XkhG31p7IQJRxTxU=
Zeli,Base.lproj/LaunchScreen.storyboardc/UIViewController-01J-lp-oVM.nib,ZVgM1+KwZcZnwhgaI0F7Bt1ba2c=
Zeli,Failed.json,SrV8T9vcftbq9Ta5QAMoHxV+tXg=
Zeli,Frameworks/AdjustSigSdk.framework/Info.plist,8ZBmnRtnQI6Zf1woXMZAc8N3DbI=
Zeli,Frameworks/AdjustSigSdk.framework/PrivacyInfo.xcprivacy,NUVYytDAElhQJbZto9aT+q3S02E=
Zeli,Frameworks/AdjustSigSdk.framework/_CodeSignature/CodeResources,jW8SeyL7MJPOgQwRussbHnkLWCs=
Zeli,Frameworks/Alamofire.framework/Alamofire.bundle/Info.plist,J8G3mKxpi2ZzBNtoXY9t5KgLURU=
Zeli,Frameworks/Alamofire.framework/Alamofire.bundle/PrivacyInfo.xcprivacy,ovFJMFOLMjzh8DLJKmXncj8JIgU=
Zeli,Frameworks/Alamofire.framework/Info.plist,jyfC2dVO7GXUbveK0iNMt5+Zj3I=
Zeli,Frameworks/Alamofire.framework/_CodeSignature/CodeResources,WNv7fptHWF91/5gVJtTBDGeyhEI=
Zeli,Frameworks/AlignedCollectionViewFlowLayout.framework/Info.plist,5pFdGo+mD6kqoB3lRCXiIYEAf2g=
Zeli,Frameworks/AlignedCollectionViewFlowLayout.framework/_CodeSignature/CodeResources,a8XMw7WOv1EsbmUWerR7MbKwGuQ=
Zeli,Frameworks/DPOTPView.framework/Info.plist,kltnpAvsXFbYpyM3LdDyZF2l/ao=
Zeli,Frameworks/DPOTPView.framework/_CodeSignature/CodeResources,Y4x2wXPzIz6vN0SxamOQZZcTNJ8=
Zeli,Frameworks/FBLPromises.framework/FBLPromises_Privacy.bundle/Info.plist,ilfhYt98tiL9XN2cYZpsVfbFgmQ=
Zeli,Frameworks/FBLPromises.framework/FBLPromises_Privacy.bundle/PrivacyInfo.xcprivacy,ZajnvEs/MYRS3X4TPLAhBWi8mc4=
Zeli,Frameworks/FBLPromises.framework/Info.plist,cF7OjiZI1KW8WnJOCItCgdYEcz8=
Zeli,Frameworks/FBLPromises.framework/_CodeSignature/CodeResources,jO+sMDirR+iscJbxbc3imJSzqEU=
Zeli,Frameworks/FirebaseCore.framework/FirebaseCore_Privacy.bundle/PrivacyInfo.xcprivacy,sa2OhFlqdCIyz9oV7fUdDKWzFL0=
Zeli,Frameworks/FirebaseCoreInternal.framework/FirebaseCoreInternal_Privacy.bundle/PrivacyInfo.xcprivacy,ifoThrqbbqoLG4yjAruMQRaf0Dw=
Zeli,Frameworks/FirebaseInstallations.framework/FirebaseInstallations_Privacy.bundle/PrivacyInfo.xcprivacy,WXQUJr75eMRgiVnLGyf8Gr3uLUU=
Zeli,Frameworks/FirebaseMessaging.framework/FirebaseMessaging_Privacy.bundle/PrivacyInfo.xcprivacy,gwv2NsO/6s7ik6Px6eTTTvacWN4=
Zeli,Frameworks/GoogleDataTransport.framework/GoogleDataTransport_Privacy.bundle/Info.plist,0HDrJTGH5mBVuG61Ilf1bXIOw0A=
Zeli,Frameworks/GoogleDataTransport.framework/GoogleDataTransport_Privacy.bundle/PrivacyInfo.xcprivacy,WXQUJr75eMRgiVnLGyf8Gr3uLUU=
Zeli,Frameworks/GoogleDataTransport.framework/Info.plist,PIWYm2JhTuptU5Kdg0YIzwwyv28=
Zeli,Frameworks/GoogleDataTransport.framework/_CodeSignature/CodeResources,ShU64PU4e+/e7zEAHXLbGYFmnSQ=
Zeli,Frameworks/GoogleUtilities.framework/GoogleUtilities_Privacy.bundle/Info.plist,qFioxoe+V3NzlhZdAQbHiFfoNpo=
Zeli,Frameworks/GoogleUtilities.framework/GoogleUtilities_Privacy.bundle/PrivacyInfo.xcprivacy,9Dge7JFNlx7Vk430tsjNsK3d0Ng=
Zeli,Frameworks/GoogleUtilities.framework/Info.plist,2tF38lfJeKLLP3+4R/o/GHbi7n8=
Zeli,Frameworks/GoogleUtilities.framework/_CodeSignature/CodeResources,GpQ6h79fkx/9p9UtAvG760LqCXM=
Zeli,Frameworks/IQKeyboardCore.framework/IQKeyboardCore.bundle/Info.plist,YIK6xYrgUDd2T2xBxO9hg7+F6Gs=
Zeli,Frameworks/IQKeyboardCore.framework/IQKeyboardCore.bundle/PrivacyInfo.xcprivacy,BgUYYYYE9Hbd9WnbrgXuEmCN7F0=
Zeli,Frameworks/IQKeyboardCore.framework/Info.plist,3zUgtU5p3dEW1ki5Ue/vVKNUhEQ=
Zeli,Frameworks/IQKeyboardCore.framework/_CodeSignature/CodeResources,0MKI6upA12uFho67lcXUcvzgpxA=
Zeli,Frameworks/IQKeyboardManagerSwift.framework/IQKeyboardManagerSwift.bundle/PrivacyInfo.xcprivacy,BgUYYYYE9Hbd9WnbrgXuEmCN7F0=
Zeli,Frameworks/IQKeyboardNotification.framework/IQKeyboardNotification.bundle/Info.plist,sZC92jVsnFXsDYAcr235Oj/jgmE=
Zeli,Frameworks/IQKeyboardNotification.framework/IQKeyboardNotification.bundle/PrivacyInfo.xcprivacy,BgUYYYYE9Hbd9WnbrgXuEmCN7F0=
Zeli,Frameworks/IQKeyboardNotification.framework/Info.plist,b74dAmpIFJS4MxShlqwzIXx016A=
Zeli,Frameworks/IQKeyboardNotification.framework/_CodeSignature/CodeResources,fLoFOd5lm9E9530ti2IRdfCaITE=
Zeli,Frameworks/IQKeyboardReturnManager.framework/IQKeyboardReturnManager.bundle/Info.plist,7oodapiOf9U0SG+iKBVZZ45Pnzk=
Zeli,Frameworks/IQKeyboardReturnManager.framework/IQKeyboardReturnManager.bundle/PrivacyInfo.xcprivacy,BgUYYYYE9Hbd9WnbrgXuEmCN7F0=
Zeli,Frameworks/IQKeyboardReturnManager.framework/Info.plist,zPItQfqtKG99qUKU7shZN7mX/2M=
Zeli,Frameworks/IQKeyboardReturnManager.framework/_CodeSignature/CodeResources,i55SB9QJioPtHAnh97jV1sAiAUM=
Zeli,Frameworks/IQKeyboardToolbar.framework/IQKeyboardToolbar.bundle/Info.plist,e06v0oBbm3sIn96BhSU5ENBLi9Q=
Zeli,Frameworks/IQKeyboardToolbar.framework/IQKeyboardToolbar.bundle/PrivacyInfo.xcprivacy,BgUYYYYE9Hbd9WnbrgXuEmCN7F0=
Zeli,Frameworks/IQKeyboardToolbar.framework/Info.plist,XtJ/KV1gZjmJ1nzLJ69XCfElwbw=
Zeli,Frameworks/IQKeyboardToolbar.framework/_CodeSignature/CodeResources,2yHLybb1plcxSaAaVj5V4eGH1kI=
Zeli,Frameworks/IQKeyboardToolbarManager.framework/IQKeyboardToolbarManager.bundle/Info.plist,iviAR7h+9khYVtgX+A/MctvJGDw=
Zeli,Frameworks/IQKeyboardToolbarManager.framework/IQKeyboardToolbarManager.bundle/PrivacyInfo.xcprivacy,BgUYYYYE9Hbd9WnbrgXuEmCN7F0=
Zeli,Frameworks/IQKeyboardToolbarManager.framework/Info.plist,k9BiYP9LqGzgkURPvI2kD6JeB5c=
Zeli,Frameworks/IQKeyboardToolbarManager.framework/_CodeSignature/CodeResources,EjCPhlLaW0kvqgqpbLJa6qbHWz8=
Zeli,Frameworks/IQTextInputViewNotification.framework/IQTextInputViewNotification.bundle/Info.plist,sTxEzYXB+uNG/SHhE0OosTrdsGE=
Zeli,Frameworks/IQTextInputViewNotification.framework/IQTextInputViewNotification.bundle/PrivacyInfo.xcprivacy,BgUYYYYE9Hbd9WnbrgXuEmCN7F0=
Zeli,Frameworks/IQTextInputViewNotification.framework/Info.plist,9xBEooe9w6OwkibjNUkAo+6YFrA=
Zeli,Frameworks/IQTextInputViewNotification.framework/_CodeSignature/CodeResources,0cIa0lu8jHXH3Hs7ecnRaqQungU=
Zeli,Frameworks/IQTextView.framework/IQTextView.bundle/Info.plist,z5v8lcDoGRRBn43MmtCGr7hNLL0=
Zeli,Frameworks/IQTextView.framework/IQTextView.bundle/PrivacyInfo.xcprivacy,BgUYYYYE9Hbd9WnbrgXuEmCN7F0=
Zeli,Frameworks/IQTextView.framework/Info.plist,KXJFQFrPej/cabzGffZ1AYizmrU=
Zeli,Frameworks/IQTextView.framework/_CodeSignature/CodeResources,ctZc0TIcPlFFIBRTQsNc1lWkZjs=
Zeli,Frameworks/LiveKitWebRTC.framework/Info.plist,m7h64js5AoHuBucTK8+dsYxsOkM=
Zeli,Frameworks/LiveKitWebRTC.framework/PrivacyInfo.xcprivacy,/2LIhN/sCpmgNgojjUwXz6KjmwE=
Zeli,Frameworks/LiveKitWebRTC.framework/_CodeSignature/CodeResources,A5eCsinsCutbbFJ2du9CbCTdx5M=
Zeli,Frameworks/Reachability.framework/Info.plist,J1oEhISgwFBK+O/9/xrGUiYeh6s=
Zeli,Frameworks/Reachability.framework/ReachabilitySwift.bundle/Info.plist,3vRlABv0HjD+7dd8wb1mauy3LLU=
Zeli,Frameworks/Reachability.framework/ReachabilitySwift.bundle/PrivacyInfo.xcprivacy,0RESd+++ZxZWQhIEMSOOvP7phYs=
Zeli,Frameworks/Reachability.framework/_CodeSignature/CodeResources,2L6+lCuhZhunv0ljuStQtToJmIk=
Zeli,Frameworks/SDWebImage.framework/SDWebImage.bundle/PrivacyInfo.xcprivacy,PFHYbs0V3eUFDWQyYQcwEetuqEk=
Zeli,Frameworks/ZegoExpressEngine.framework/Info.plist,+nQwOjkunkD5+LKsA3MzYwzg7Q8=
Zeli,Frameworks/ZegoExpressEngine.framework/PrivacyInfo.xcprivacy,hiTVMhj1Vgft+6a8PZvmq1gSZsI=
Zeli,Frameworks/ZegoExpressEngine.framework/_CodeSignature/CodeResources,rqZ4x8coDUn7uTHcnvMoV75j6X4=
Zeli,Frameworks/nanopb.framework/Info.plist,YDIuZMrNMsRXqflJtr5rfDnG1Wc=
Zeli,Frameworks/nanopb.framework/_CodeSignature/CodeResources,PzjH8nmPvVgx60SYDHnwNU4cXRw=
Zeli,Frameworks/nanopb.framework/nanopb_Privacy.bundle/Info.plist,HRCKLRdrnuF8hlQuoSzW/HoXE+E=
Zeli,Frameworks/nanopb.framework/nanopb_Privacy.bundle/PrivacyInfo.xcprivacy,KY5lfwC2TvsgFj4wt7hkMmainbs=
Zeli,Frameworks/youtube_ios_player_helper.framework/Assets.bundle/Info.plist,rmbkmL989NrJWSiHrzim5v7nmH4=
Zeli,Frameworks/youtube_ios_player_helper.framework/Assets.bundle/YTPlayerView-iframe-player.html,viwyYtXFjc++qoS+wwkm/2uADG0=
Zeli,Frameworks/youtube_ios_player_helper.framework/Info.plist,+fQtbzLuQgH/JvwKfNjwJ10Y5w8=
Zeli,Frameworks/youtube_ios_player_helper.framework/_CodeSignature/CodeResources,R/lb2Z2mJdrwSIARGhU76fCJdNA=
Zeli,Globe.json,J5cEkBJ6aLo98Qj9GWp4WaVDcnA=
Zeli,Listener Caller Tune.mp3,yyTwbtGkF6XEccPhhePcQaM2NHU=
Zeli,LiveKit_LiveKit.bundle/Info.plist,QZ6ZvktXtXg1oCYSydqu4M1mHaE=
Zeli,LiveKit_LiveKit.bundle/PrivacyInfo.xcprivacy,wmMD48zpyUq8t59ndct7nWvy/FE=
Zeli,PkgInfo,n57qDP4tZfLD1rCS43W0B4LQjzE=
Zeli,Protect.json,jNvVQS+GywDmTaeV7IxOi3vXsIU=
Zeli,Stripe_Stripe.bundle/Assets.car,Ll8ZqA0UcFPUYrAgDBmzLsr4JYU=
Zeli,Stripe_Stripe.bundle/PrivacyInfo.xcprivacy,KVQcLXIg958z1kiZmo8ZmmCYxZs=
Zeli,Stripe_Stripe.bundle/bg-BG.lproj/Localizable.strings,[object Object]
Zeli,Stripe_Stripe.bundle/ca-ES.lproj/Localizable.strings,[object Object]
Zeli,Stripe_Stripe.bundle/cs-CZ.lproj/Localizable.strings,[object Object]
Zeli,Stripe_Stripe.bundle/da.lproj/Localizable.strings,[object Object]
Zeli,Stripe_Stripe.bundle/de.lproj/Localizable.strings,[object Object]
Zeli,Stripe_Stripe.bundle/el-GR.lproj/Localizable.strings,[object Object]
Zeli,Stripe_Stripe.bundle/en-GB.lproj/Localizable.strings,[object Object]
Zeli,Stripe_Stripe.bundle/en.lproj/Localizable.strings,[object Object]
Zeli,Stripe_Stripe.bundle/es-419.lproj/Localizable.strings,[object Object]
Zeli,Stripe_Stripe.bundle/es.lproj/Localizable.strings,[object Object]
Zeli,Stripe_Stripe.bundle/et-EE.lproj/Localizable.strings,[object Object]
Zeli,Stripe_Stripe.bundle/fi.lproj/Localizable.strings,[object Object]
Zeli,Stripe_Stripe.bundle/fil.lproj/Localizable.strings,[object Object]
Zeli,Stripe_Stripe.bundle/fr-CA.lproj/Localizable.strings,[object Object]
Zeli,Stripe_Stripe.bundle/fr.lproj/Localizable.strings,[object Object]
Zeli,Stripe_Stripe.bundle/hr.lproj/Localizable.strings,[object Object]
Zeli,Stripe_Stripe.bundle/hu.lproj/Localizable.strings,[object Object]
Zeli,Stripe_Stripe.bundle/id.lproj/Localizable.strings,[object Object]
Zeli,Stripe_Stripe.bundle/it.lproj/Localizable.strings,[object Object]
Zeli,Stripe_Stripe.bundle/ja.lproj/Localizable.strings,[object Object]
Zeli,Stripe_Stripe.bundle/ko.lproj/Localizable.strings,[object Object]
Zeli,Stripe_Stripe.bundle/lt-LT.lproj/Localizable.strings,[object Object]
Zeli,Stripe_Stripe.bundle/lv-LV.lproj/Localizable.strings,[object Object]
Zeli,Stripe_Stripe.bundle/ms-MY.lproj/Localizable.strings,[object Object]
Zeli,Stripe_Stripe.bundle/mt.lproj/Localizable.strings,[object Object]
Zeli,Stripe_Stripe.bundle/nb.lproj/Localizable.strings,[object Object]
Zeli,Stripe_Stripe.bundle/nl.lproj/Localizable.strings,[object Object]
Zeli,Stripe_Stripe.bundle/nn-NO.lproj/Localizable.strings,[object Object]
Zeli,Stripe_Stripe.bundle/pl-PL.lproj/Localizable.strings,[object Object]
Zeli,Stripe_Stripe.bundle/pt-BR.lproj/Localizable.strings,[object Object]
Zeli,Stripe_Stripe.bundle/pt-PT.lproj/Localizable.strings,[object Object]
Zeli,Stripe_Stripe.bundle/ro-RO.lproj/Localizable.strings,[object Object]
Zeli,Stripe_Stripe.bundle/ru.lproj/Localizable.strings,[object Object]
Zeli,Stripe_Stripe.bundle/sk-SK.lproj/Localizable.strings,[object Object]
Zeli,Stripe_Stripe.bundle/sl-SI.lproj/Localizable.strings,[object Object]
Zeli,Stripe_Stripe.bundle/sv.lproj/Localizable.strings,[object Object]
Zeli,Stripe_Stripe.bundle/tk.lproj/Localizable.strings,[object Object]
Zeli,Stripe_Stripe.bundle/tr.lproj/Localizable.strings,[object Object]
Zeli,Stripe_Stripe.bundle/vi.lproj/Localizable.strings,[object Object]
Zeli,Stripe_Stripe.bundle/zh-HK.lproj/Localizable.strings,[object Object]
Zeli,Stripe_Stripe.bundle/zh-Hans.lproj/Localizable.strings,[object Object]
Zeli,Stripe_Stripe.bundle/zh-Hant.lproj/Localizable.strings,[object Object]
Zeli,Stripe_Stripe3DS2.bundle/Assets.car,wB5vs2+Hwh1Kf3k7uxNYLvp1JWc=
Zeli,Stripe_Stripe3DS2.bundle/PrivacyInfo.xcprivacy,/jNTxKfZ7aaj4jYeI/TqFjNzuQU=
Zeli,Stripe_Stripe3DS2.bundle/bg-BG.lproj/Localizable.strings,[object Object]
Zeli,Stripe_Stripe3DS2.bundle/ca-ES.lproj/Localizable.strings,[object Object]
Zeli,Stripe_Stripe3DS2.bundle/cs-CZ.lproj/Localizable.strings,[object Object]
Zeli,Stripe_Stripe3DS2.bundle/da.lproj/Localizable.strings,[object Object]
Zeli,Stripe_Stripe3DS2.bundle/de.lproj/Localizable.strings,[object Object]
Zeli,Stripe_Stripe3DS2.bundle/el-GR.lproj/Localizable.strings,[object Object]
Zeli,Stripe_Stripe3DS2.bundle/en-GB.lproj/Localizable.strings,[object Object]
Zeli,Stripe_Stripe3DS2.bundle/en.lproj/Localizable.strings,[object Object]
Zeli,Stripe_Stripe3DS2.bundle/es-419.lproj/Localizable.strings,[object Object]
Zeli,Stripe_Stripe3DS2.bundle/es.lproj/Localizable.strings,[object Object]
Zeli,Stripe_Stripe3DS2.bundle/et-EE.lproj/Localizable.strings,[object Object]
Zeli,Stripe_Stripe3DS2.bundle/fi.lproj/Localizable.strings,[object Object]
Zeli,Stripe_Stripe3DS2.bundle/fil.lproj/Localizable.strings,[object Object]
Zeli,Stripe_Stripe3DS2.bundle/fr-CA.lproj/Localizable.strings,[object Object]
Zeli,Stripe_Stripe3DS2.bundle/fr.lproj/Localizable.strings,[object Object]
Zeli,Stripe_Stripe3DS2.bundle/hr.lproj/Localizable.strings,[object Object]
Zeli,Stripe_Stripe3DS2.bundle/hu.lproj/Localizable.strings,[object Object]
Zeli,Stripe_Stripe3DS2.bundle/id.lproj/Localizable.strings,[object Object]
Zeli,Stripe_Stripe3DS2.bundle/it.lproj/Localizable.strings,[object Object]
Zeli,Stripe_Stripe3DS2.bundle/ja.lproj/Localizable.strings,[object Object]
Zeli,Stripe_Stripe3DS2.bundle/ko.lproj/Localizable.strings,[object Object]
Zeli,Stripe_Stripe3DS2.bundle/lt-LT.lproj/Localizable.strings,[object Object]
Zeli,Stripe_Stripe3DS2.bundle/lv-LV.lproj/Localizable.strings,[object Object]
Zeli,Stripe_Stripe3DS2.bundle/ms-MY.lproj/Localizable.strings,[object Object]
Zeli,Stripe_Stripe3DS2.bundle/mt.lproj/Localizable.strings,[object Object]
Zeli,Stripe_Stripe3DS2.bundle/nb.lproj/Localizable.strings,[object Object]
Zeli,Stripe_Stripe3DS2.bundle/nl.lproj/Localizable.strings,[object Object]
Zeli,Stripe_Stripe3DS2.bundle/nn-NO.lproj/Localizable.strings,[object Object]
Zeli,Stripe_Stripe3DS2.bundle/pl-PL.lproj/Localizable.strings,[object Object]
Zeli,Stripe_Stripe3DS2.bundle/pt-BR.lproj/Localizable.strings,[object Object]
Zeli,Stripe_Stripe3DS2.bundle/pt-PT.lproj/Localizable.strings,[object Object]
Zeli,Stripe_Stripe3DS2.bundle/ro-RO.lproj/Localizable.strings,[object Object]
Zeli,Stripe_Stripe3DS2.bundle/ru.lproj/Localizable.strings,[object Object]
Zeli,Stripe_Stripe3DS2.bundle/sk-SK.lproj/Localizable.strings,[object Object]
Zeli,Stripe_Stripe3DS2.bundle/sl-SI.lproj/Localizable.strings,[object Object]
Zeli,Stripe_Stripe3DS2.bundle/sv.lproj/Localizable.strings,[object Object]
Zeli,Stripe_Stripe3DS2.bundle/tr.lproj/Localizable.strings,[object Object]
Zeli,Stripe_Stripe3DS2.bundle/vi.lproj/Localizable.strings,[object Object]
Zeli,Stripe_Stripe3DS2.bundle/zh-HK.lproj/Localizable.strings,[object Object]
Zeli,Stripe_Stripe3DS2.bundle/zh-Hans.lproj/Localizable.strings,[object Object]
Zeli,Stripe_Stripe3DS2.bundle/zh-Hant.lproj/Localizable.strings,[object Object]
Zeli,Stripe_StripeCore.bundle/PrivacyInfo.xcprivacy,Jl4rnqNCtAsimxvKMUtFXPb+LnY=
Zeli,Stripe_StripeCore.bundle/bg-BG.lproj/Localizable.strings,[object Object]
Zeli,Stripe_StripeCore.bundle/ca-ES.lproj/Localizable.strings,[object Object]
Zeli,Stripe_StripeCore.bundle/cs-CZ.lproj/Localizable.strings,[object Object]
Zeli,Stripe_StripeCore.bundle/da.lproj/Localizable.strings,[object Object]
Zeli,Stripe_StripeCore.bundle/de.lproj/Localizable.strings,[object Object]
Zeli,Stripe_StripeCore.bundle/el-GR.lproj/Localizable.strings,[object Object]
Zeli,Stripe_StripeCore.bundle/en-GB.lproj/Localizable.strings,[object Object]
Zeli,Stripe_StripeCore.bundle/en.lproj/Localizable.strings,[object Object]
Zeli,Stripe_StripeCore.bundle/es-419.lproj/Localizable.strings,[object Object]
Zeli,Stripe_StripeCore.bundle/es.lproj/Localizable.strings,[object Object]
Zeli,Stripe_StripeCore.bundle/et-EE.lproj/Localizable.strings,[object Object]
Zeli,Stripe_StripeCore.bundle/fi.lproj/Localizable.strings,[object Object]
Zeli,Stripe_StripeCore.bundle/fil.lproj/Localizable.strings,[object Object]
Zeli,Stripe_StripeCore.bundle/fr-CA.lproj/Localizable.strings,[object Object]
Zeli,Stripe_StripeCore.bundle/fr.lproj/Localizable.strings,[object Object]
Zeli,Stripe_StripeCore.bundle/hr.lproj/Localizable.strings,[object Object]
Zeli,Stripe_StripeCore.bundle/hu.lproj/Localizable.strings,[object Object]
Zeli,Stripe_StripeCore.bundle/id.lproj/Localizable.strings,[object Object]
Zeli,Stripe_StripeCore.bundle/it.lproj/Localizable.strings,[object Object]
Zeli,Stripe_StripeCore.bundle/ja.lproj/Localizable.strings,[object Object]
Zeli,Stripe_StripeCore.bundle/ko.lproj/Localizable.strings,[object Object]
Zeli,Stripe_StripeCore.bundle/lt-LT.lproj/Localizable.strings,[object Object]
Zeli,Stripe_StripeCore.bundle/lv-LV.lproj/Localizable.strings,[object Object]
Zeli,Stripe_StripeCore.bundle/ms-MY.lproj/Localizable.strings,[object Object]
Zeli,Stripe_StripeCore.bundle/mt.lproj/Localizable.strings,[object Object]
Zeli,Stripe_StripeCore.bundle/nb.lproj/Localizable.strings,[object Object]
Zeli,Stripe_StripeCore.bundle/nl.lproj/Localizable.strings,[object Object]
Zeli,Stripe_StripeCore.bundle/nn-NO.lproj/Localizable.strings,[object Object]
Zeli,Stripe_StripeCore.bundle/pl-PL.lproj/Localizable.strings,[object Object]
Zeli,Stripe_StripeCore.bundle/pt-BR.lproj/Localizable.strings,[object Object]
Zeli,Stripe_StripeCore.bundle/pt-PT.lproj/Localizable.strings,[object Object]
Zeli,Stripe_StripeCore.bundle/ro-RO.lproj/Localizable.strings,[object Object]
Zeli,Stripe_StripeCore.bundle/ru.lproj/Localizable.strings,[object Object]
Zeli,Stripe_StripeCore.bundle/sk-SK.lproj/Localizable.strings,[object Object]
Zeli,Stripe_StripeCore.bundle/sl-SI.lproj/Localizable.strings,[object Object]
Zeli,Stripe_StripeCore.bundle/sv.lproj/Localizable.strings,[object Object]
Zeli,Stripe_StripeCore.bundle/tr.lproj/Localizable.strings,[object Object]
Zeli,Stripe_StripeCore.bundle/vi.lproj/Localizable.strings,[object Object]
Zeli,Stripe_StripeCore.bundle/zh-HK.lproj/Localizable.strings,[object Object]
Zeli,Stripe_StripeCore.bundle/zh-Hans.lproj/Localizable.strings,[object Object]
Zeli,Stripe_StripeCore.bundle/zh-Hant.lproj/Localizable.strings,[object Object]
Zeli,Stripe_StripeIdentity.bundle/bg-BG.lproj/Localizable.strings,[object Object]
Zeli,Stripe_StripeIdentity.bundle/ca-ES.lproj/Localizable.strings,[object Object]
Zeli,Stripe_StripeIdentity.bundle/cs-CZ.lproj/Localizable.strings,[object Object]
Zeli,Stripe_StripeIdentity.bundle/da.lproj/Localizable.strings,[object Object]
Zeli,Stripe_StripeIdentity.bundle/de.lproj/Localizable.strings,[object Object]
Zeli,Stripe_StripeIdentity.bundle/el-GR.lproj/Localizable.strings,[object Object]
Zeli,Stripe_StripeIdentity.bundle/en-GB.lproj/Localizable.strings,[object Object]
Zeli,Stripe_StripeIdentity.bundle/en.lproj/Localizable.strings,[object Object]
Zeli,Stripe_StripeIdentity.bundle/es-419.lproj/Localizable.strings,[object Object]
Zeli,Stripe_StripeIdentity.bundle/es.lproj/Localizable.strings,[object Object]
Zeli,Stripe_StripeIdentity.bundle/et-EE.lproj/Localizable.strings,[object Object]
Zeli,Stripe_StripeIdentity.bundle/fi.lproj/Localizable.strings,[object Object]
Zeli,Stripe_StripeIdentity.bundle/fil.lproj/Localizable.strings,[object Object]
Zeli,Stripe_StripeIdentity.bundle/fr-CA.lproj/Localizable.strings,[object Object]
Zeli,Stripe_StripeIdentity.bundle/fr.lproj/Localizable.strings,[object Object]
Zeli,Stripe_StripeIdentity.bundle/hr.lproj/Localizable.strings,[object Object]
Zeli,Stripe_StripeIdentity.bundle/hu.lproj/Localizable.strings,[object Object]
Zeli,Stripe_StripeIdentity.bundle/icon_add@3x.png,W1hIJplcOe5Mdbdd54BSoCWLo1M=
Zeli,Stripe_StripeIdentity.bundle/icon_camera@3x.png,PDkQD+8qO5kshr7daCodsZTH32w=
Zeli,Stripe_StripeIdentity.bundle/icon_camera_classic@3x.png,bpnH+bNQ5fwiKinBCd1kc//MNQ4=
Zeli,Stripe_StripeIdentity.bundle/icon_checkmark@3x.png,uJotjmTGC2vGkm5resSImCuAFhE=
Zeli,Stripe_StripeIdentity.bundle/icon_checkmark_92@3x.png,jDBDp9HVR+xSrGPp0zwsYVSoMmw=
Zeli,Stripe_StripeIdentity.bundle/icon_clock@3x.png,VxnBcgIyGxo/FAvFlrEHcT2UaIQ=
Zeli,Stripe_StripeIdentity.bundle/icon_cloud@3x.png,LhLGwN02StpQkmrMkMMi9oY+4I4=
Zeli,Stripe_StripeIdentity.bundle/icon_create_identity_verification@3x.png,OpItBimMMcnqV1rsXW815RBs7bY=
Zeli,Stripe_StripeIdentity.bundle/icon_dispute_protection@3x.png,jeUUpCPMtTJsSRqi5fET0B5E1W4=
Zeli,Stripe_StripeIdentity.bundle/icon_document@3x.png,FmpBPAJNRmDgKCsFzxXvchRkNxM=
Zeli,Stripe_StripeIdentity.bundle/icon_ellipsis@3x.png,O63P15gK83Q288DsJzp+Ug48WSQ=
Zeli,Stripe_StripeIdentity.bundle/icon_id_front@3x.png,KaExxBHKaS3DtQZksfYEnCPxz/8=
Zeli,Stripe_StripeIdentity.bundle/icon_info@3x.png,wW7U9BKZ03hMulErJM7JMOeUBg4=
Zeli,Stripe_StripeIdentity.bundle/icon_lock@3x.png,Sk5B5GhxgXbeIhK637AxgsH4fg4=
Zeli,Stripe_StripeIdentity.bundle/icon_moved@3x.png,jgO8KwAq8iuG0PEd1HdtNEMPVJU=
Zeli,Stripe_StripeIdentity.bundle/icon_phone@3x.png,kf/pefLuNEo0zxIApaQ7J6gSovY=
Zeli,Stripe_StripeIdentity.bundle/icon_selfie_warmup@3x.png,vN/9warb0ih3CAE0pXSrgxrUbJ4=
Zeli,Stripe_StripeIdentity.bundle/icon_wallet@3x.png,msXgAwnD6A2wWgpn4nmE0OpIh80=
Zeli,Stripe_StripeIdentity.bundle/icon_warning2@3x.png,W/HuAPhPOdtR3si5Zloav5+FYRU=
Zeli,Stripe_StripeIdentity.bundle/icon_warning@3x.png,3GKjZgYPy3LKO5tRiyG4Pi/TAqs=
Zeli,Stripe_StripeIdentity.bundle/icon_warning_92@3x.png,i8qOC5ndetloN4ajNmoPLITXVic=
Zeli,Stripe_StripeIdentity.bundle/id.lproj/Localizable.strings,[object Object]
Zeli,Stripe_StripeIdentity.bundle/it.lproj/Localizable.strings,[object Object]
Zeli,Stripe_StripeIdentity.bundle/ja.lproj/Localizable.strings,[object Object]
Zeli,Stripe_StripeIdentity.bundle/ko.lproj/Localizable.strings,[object Object]
Zeli,Stripe_StripeIdentity.bundle/lt-LT.lproj/Localizable.strings,[object Object]
Zeli,Stripe_StripeIdentity.bundle/lv-LV.lproj/Localizable.strings,[object Object]
Zeli,Stripe_StripeIdentity.bundle/ms-MY.lproj/Localizable.strings,[object Object]
Zeli,Stripe_StripeIdentity.bundle/mt.lproj/Localizable.strings,[object Object]
Zeli,Stripe_StripeIdentity.bundle/nb.lproj/Localizable.strings,[object Object]
Zeli,Stripe_StripeIdentity.bundle/nl.lproj/Localizable.strings,[object Object]
Zeli,Stripe_StripeIdentity.bundle/nn-NO.lproj/Localizable.strings,[object Object]
Zeli,Stripe_StripeIdentity.bundle/pl-PL.lproj/Localizable.strings,[object Object]
Zeli,Stripe_StripeIdentity.bundle/pt-BR.lproj/Localizable.strings,[object Object]
Zeli,Stripe_StripeIdentity.bundle/pt-PT.lproj/Localizable.strings,[object Object]
Zeli,Stripe_StripeIdentity.bundle/ro-RO.lproj/Localizable.strings,[object Object]
Zeli,Stripe_StripeIdentity.bundle/ru.lproj/Localizable.strings,[object Object]
Zeli,Stripe_StripeIdentity.bundle/sk-SK.lproj/Localizable.strings,[object Object]
Zeli,Stripe_StripeIdentity.bundle/sl-SI.lproj/Localizable.strings,[object Object]
Zeli,Stripe_StripeIdentity.bundle/sv.lproj/Localizable.strings,[object Object]
Zeli,Stripe_StripeIdentity.bundle/tr.lproj/Localizable.strings,[object Object]
Zeli,Stripe_StripeIdentity.bundle/vi.lproj/Localizable.strings,[object Object]
Zeli,Stripe_StripeIdentity.bundle/zh-HK.lproj/Localizable.strings,[object Object]
Zeli,Stripe_StripeIdentity.bundle/zh-Hans.lproj/Localizable.strings,[object Object]
Zeli,Stripe_StripeIdentity.bundle/zh-Hant.lproj/Localizable.strings,[object Object]
Zeli,Stripe_StripePaymentSheet.bundle/PrivacyInfo.xcprivacy,KVQcLXIg958z1kiZmo8ZmmCYxZs=
Zeli,Stripe_StripePaymentSheet.bundle/bg-BG.lproj/Localizable.strings,[object Object]
Zeli,Stripe_StripePaymentSheet.bundle/ca-ES.lproj/Localizable.strings,[object Object]
Zeli,Stripe_StripePaymentSheet.bundle/cs-CZ.lproj/Localizable.strings,[object Object]
Zeli,Stripe_StripePaymentSheet.bundle/da.lproj/Localizable.strings,[object Object]
Zeli,Stripe_StripePaymentSheet.bundle/de.lproj/Localizable.strings,[object Object]
Zeli,Stripe_StripePaymentSheet.bundle/el-GR.lproj/Localizable.strings,[object Object]
Zeli,Stripe_StripePaymentSheet.bundle/en-GB.lproj/Localizable.strings,[object Object]
Zeli,Stripe_StripePaymentSheet.bundle/en.lproj/Localizable.strings,[object Object]
Zeli,Stripe_StripePaymentSheet.bundle/es-419.lproj/Localizable.strings,[object Object]
Zeli,Stripe_StripePaymentSheet.bundle/es.lproj/Localizable.strings,[object Object]
Zeli,Stripe_StripePaymentSheet.bundle/et-EE.lproj/Localizable.strings,[object Object]
Zeli,Stripe_StripePaymentSheet.bundle/fi.lproj/Localizable.strings,[object Object]
Zeli,Stripe_StripePaymentSheet.bundle/fil.lproj/Localizable.strings,[object Object]
Zeli,Stripe_StripePaymentSheet.bundle/form_specs.json,gF2QGkO9xlkSs4TnY7Y3Zvh60EQ=
Zeli,Stripe_StripePaymentSheet.bundle/fr-CA.lproj/Localizable.strings,[object Object]
Zeli,Stripe_StripePaymentSheet.bundle/fr.lproj/Localizable.strings,[object Object]
Zeli,Stripe_StripePaymentSheet.bundle/hr.lproj/Localizable.strings,[object Object]
Zeli,Stripe_StripePaymentSheet.bundle/hu.lproj/Localizable.strings,[object Object]
Zeli,Stripe_StripePaymentSheet.bundle/id.lproj/Localizable.strings,[object Object]
Zeli,Stripe_StripePaymentSheet.bundle/it.lproj/Localizable.strings,[object Object]
Zeli,Stripe_StripePaymentSheet.bundle/ja.lproj/Localizable.strings,[object Object]
Zeli,Stripe_StripePaymentSheet.bundle/ko.lproj/Localizable.strings,[object Object]
Zeli,Stripe_StripePaymentSheet.bundle/lt-LT.lproj/Localizable.strings,[object Object]
Zeli,Stripe_StripePaymentSheet.bundle/lv-LV.lproj/Localizable.strings,[object Object]
Zeli,Stripe_StripePaymentSheet.bundle/ms-MY.lproj/Localizable.strings,[object Object]
Zeli,Stripe_StripePaymentSheet.bundle/mt.lproj/Localizable.strings,[object Object]
Zeli,Stripe_StripePaymentSheet.bundle/nb.lproj/Localizable.strings,[object Object]
Zeli,Stripe_StripePaymentSheet.bundle/nl.lproj/Localizable.strings,[object Object]
Zeli,Stripe_StripePaymentSheet.bundle/nn-NO.lproj/Localizable.strings,[object Object]
Zeli,Stripe_StripePaymentSheet.bundle/pl-PL.lproj/Localizable.strings,[object Object]
Zeli,Stripe_StripePaymentSheet.bundle/pt-BR.lproj/Localizable.strings,[object Object]
Zeli,Stripe_StripePaymentSheet.bundle/pt-PT.lproj/Localizable.strings,[object Object]
Zeli,Stripe_StripePaymentSheet.bundle/ro-RO.lproj/Localizable.strings,[object Object]
Zeli,Stripe_StripePaymentSheet.bundle/ru.lproj/Localizable.strings,[object Object]
Zeli,Stripe_StripePaymentSheet.bundle/sk-SK.lproj/Localizable.strings,[object Object]
Zeli,Stripe_StripePaymentSheet.bundle/sl-SI.lproj/Localizable.strings,[object Object]
Zeli,Stripe_StripePaymentSheet.bundle/sv.lproj/Localizable.strings,[object Object]
Zeli,Stripe_StripePaymentSheet.bundle/tk.lproj/Localizable.strings,[object Object]
Zeli,Stripe_StripePaymentSheet.bundle/tr.lproj/Localizable.strings,[object Object]
Zeli,Stripe_StripePaymentSheet.bundle/vi.lproj/Localizable.strings,[object Object]
Zeli,Stripe_StripePaymentSheet.bundle/zh-HK.lproj/Localizable.strings,[object Object]
Zeli,Stripe_StripePaymentSheet.bundle/zh-Hans.lproj/Localizable.strings,[object Object]
Zeli,Stripe_StripePaymentSheet.bundle/zh-Hant.lproj/Localizable.strings,[object Object]
Zeli,Stripe_StripePayments.bundle/bg-BG.lproj/Localizable.strings,[object Object]
Zeli,Stripe_StripePayments.bundle/ca-ES.lproj/Localizable.strings,[object Object]
Zeli,Stripe_StripePayments.bundle/cs-CZ.lproj/Localizable.strings,[object Object]
Zeli,Stripe_StripePayments.bundle/da.lproj/Localizable.strings,[object Object]
Zeli,Stripe_StripePayments.bundle/de.lproj/Localizable.strings,[object Object]
Zeli,Stripe_StripePayments.bundle/el-GR.lproj/Localizable.strings,[object Object]
Zeli,Stripe_StripePayments.bundle/en-GB.lproj/Localizable.strings,[object Object]
Zeli,Stripe_StripePayments.bundle/en.lproj/Localizable.strings,[object Object]
Zeli,Stripe_StripePayments.bundle/es-419.lproj/Localizable.strings,[object Object]
Zeli,Stripe_StripePayments.bundle/es.lproj/Localizable.strings,[object Object]
Zeli,Stripe_StripePayments.bundle/et-EE.lproj/Localizable.strings,[object Object]
Zeli,Stripe_StripePayments.bundle/fi.lproj/Localizable.strings,[object Object]
Zeli,Stripe_StripePayments.bundle/fil.lproj/Localizable.strings,[object Object]
Zeli,Stripe_StripePayments.bundle/fr-CA.lproj/Localizable.strings,[object Object]
Zeli,Stripe_StripePayments.bundle/fr.lproj/Localizable.strings,[object Object]
Zeli,Stripe_StripePayments.bundle/hr.lproj/Localizable.strings,[object Object]
Zeli,Stripe_StripePayments.bundle/hu.lproj/Localizable.strings,[object Object]
Zeli,Stripe_StripePayments.bundle/id.lproj/Localizable.strings,[object Object]
Zeli,Stripe_StripePayments.bundle/it.lproj/Localizable.strings,[object Object]
Zeli,Stripe_StripePayments.bundle/ja.lproj/Localizable.strings,[object Object]
Zeli,Stripe_StripePayments.bundle/ko.lproj/Localizable.strings,[object Object]
Zeli,Stripe_StripePayments.bundle/lt-LT.lproj/Localizable.strings,[object Object]
Zeli,Stripe_StripePayments.bundle/lv-LV.lproj/Localizable.strings,[object Object]
Zeli,Stripe_StripePayments.bundle/ms-MY.lproj/Localizable.strings,[object Object]
Zeli,Stripe_StripePayments.bundle/mt.lproj/Localizable.strings,[object Object]
Zeli,Stripe_StripePayments.bundle/nb.lproj/Localizable.strings,[object Object]
Zeli,Stripe_StripePayments.bundle/nl.lproj/Localizable.strings,[object Object]
Zeli,Stripe_StripePayments.bundle/nn-NO.lproj/Localizable.strings,[object Object]
Zeli,Stripe_StripePayments.bundle/pl-PL.lproj/Localizable.strings,[object Object]
Zeli,Stripe_StripePayments.bundle/pt-BR.lproj/Localizable.strings,[object Object]
Zeli,Stripe_StripePayments.bundle/pt-PT.lproj/Localizable.strings,[object Object]
Zeli,Stripe_StripePayments.bundle/ro-RO.lproj/Localizable.strings,[object Object]
Zeli,Stripe_StripePayments.bundle/ru.lproj/Localizable.strings,[object Object]
Zeli,Stripe_StripePayments.bundle/sk-SK.lproj/Localizable.strings,[object Object]
Zeli,Stripe_StripePayments.bundle/sl-SI.lproj/Localizable.strings,[object Object]
Zeli,Stripe_StripePayments.bundle/sv.lproj/Localizable.strings,[object Object]
Zeli,Stripe_StripePayments.bundle/tk.lproj/Localizable.strings,[object Object]
Zeli,Stripe_StripePayments.bundle/tr.lproj/Localizable.strings,[object Object]
Zeli,Stripe_StripePayments.bundle/vi.lproj/Localizable.strings,[object Object]
Zeli,Stripe_StripePayments.bundle/zh-HK.lproj/Localizable.strings,[object Object]
Zeli,Stripe_StripePayments.bundle/zh-Hans.lproj/Localizable.strings,[object Object]
Zeli,Stripe_StripePayments.bundle/zh-Hant.lproj/Localizable.strings,[object Object]
Zeli,Stripe_StripePaymentsUI.bundle/au_becs_bsb.json,1bTo7i6sVSY85whK/COW4EpBVzo=
Zeli,Stripe_StripePaymentsUI.bundle/bg-BG.lproj/Localizable.strings,[object Object]
Zeli,Stripe_StripePaymentsUI.bundle/ca-ES.lproj/Localizable.strings,[object Object]
Zeli,Stripe_StripePaymentsUI.bundle/cs-CZ.lproj/Localizable.strings,[object Object]
Zeli,Stripe_StripePaymentsUI.bundle/da.lproj/Localizable.strings,[object Object]
Zeli,Stripe_StripePaymentsUI.bundle/de.lproj/Localizable.strings,[object Object]
Zeli,Stripe_StripePaymentsUI.bundle/el-GR.lproj/Localizable.strings,[object Object]
Zeli,Stripe_StripePaymentsUI.bundle/en-GB.lproj/Localizable.strings,[object Object]
Zeli,Stripe_StripePaymentsUI.bundle/en.lproj/Localizable.strings,[object Object]
Zeli,Stripe_StripePaymentsUI.bundle/es-419.lproj/Localizable.strings,[object Object]
Zeli,Stripe_StripePaymentsUI.bundle/es.lproj/Localizable.strings,[object Object]
Zeli,Stripe_StripePaymentsUI.bundle/et-EE.lproj/Localizable.strings,[object Object]
Zeli,Stripe_StripePaymentsUI.bundle/fi.lproj/Localizable.strings,[object Object]
Zeli,Stripe_StripePaymentsUI.bundle/fil.lproj/Localizable.strings,[object Object]
Zeli,Stripe_StripePaymentsUI.bundle/fr-CA.lproj/Localizable.strings,[object Object]
Zeli,Stripe_StripePaymentsUI.bundle/fr.lproj/Localizable.strings,[object Object]
Zeli,Stripe_StripePaymentsUI.bundle/hr.lproj/Localizable.strings,[object Object]
Zeli,Stripe_StripePaymentsUI.bundle/hu.lproj/Localizable.strings,[object Object]
Zeli,Stripe_StripePaymentsUI.bundle/id.lproj/Localizable.strings,[object Object]
Zeli,Stripe_StripePaymentsUI.bundle/it.lproj/Localizable.strings,[object Object]
Zeli,Stripe_StripePaymentsUI.bundle/ja.lproj/Localizable.strings,[object Object]
Zeli,Stripe_StripePaymentsUI.bundle/ko.lproj/Localizable.strings,[object Object]
Zeli,Stripe_StripePaymentsUI.bundle/lt-LT.lproj/Localizable.strings,[object Object]
Zeli,Stripe_StripePaymentsUI.bundle/lv-LV.lproj/Localizable.strings,[object Object]
Zeli,Stripe_StripePaymentsUI.bundle/ms-MY.lproj/Localizable.strings,[object Object]
Zeli,Stripe_StripePaymentsUI.bundle/mt.lproj/Localizable.strings,[object Object]
Zeli,Stripe_StripePaymentsUI.bundle/nb.lproj/Localizable.strings,[object Object]
Zeli,Stripe_StripePaymentsUI.bundle/nl.lproj/Localizable.strings,[object Object]
Zeli,Stripe_StripePaymentsUI.bundle/nn-NO.lproj/Localizable.strings,[object Object]
Zeli,Stripe_StripePaymentsUI.bundle/pl-PL.lproj/Localizable.strings,[object Object]
Zeli,Stripe_StripePaymentsUI.bundle/pt-BR.lproj/Localizable.strings,[object Object]
Zeli,Stripe_StripePaymentsUI.bundle/pt-PT.lproj/Localizable.strings,[object Object]
Zeli,Stripe_StripePaymentsUI.bundle/ro-RO.lproj/Localizable.strings,[object Object]
Zeli,Stripe_StripePaymentsUI.bundle/ru.lproj/Localizable.strings,[object Object]
Zeli,Stripe_StripePaymentsUI.bundle/sk-SK.lproj/Localizable.strings,[object Object]
Zeli,Stripe_StripePaymentsUI.bundle/sl-SI.lproj/Localizable.strings,[object Object]
Zeli,Stripe_StripePaymentsUI.bundle/sv.lproj/Localizable.strings,[object Object]
Zeli,Stripe_StripePaymentsUI.bundle/tk.lproj/Localizable.strings,[object Object]
Zeli,Stripe_StripePaymentsUI.bundle/tr.lproj/Localizable.strings,[object Object]
Zeli,Stripe_StripePaymentsUI.bundle/vi.lproj/Localizable.strings,[object Object]
Zeli,Stripe_StripePaymentsUI.bundle/zh-HK.lproj/Localizable.strings,[object Object]
Zeli,Stripe_StripePaymentsUI.bundle/zh-Hans.lproj/Localizable.strings,[object Object]
Zeli,Stripe_StripePaymentsUI.bundle/zh-Hant.lproj/Localizable.strings,[object Object]
Zeli,Stripe_StripeUICore.bundle/Assets.car,ii3lU4u3ZpeqibJzLlGgjD+X6+Q=
Zeli,Stripe_StripeUICore.bundle/au_becs_bsb.json,yEwltBJubtFnHH2tjp1tIZLap/E=
Zeli,Stripe_StripeUICore.bundle/bg-BG.lproj/Localizable.strings,[object Object]
Zeli,Stripe_StripeUICore.bundle/ca-ES.lproj/Localizable.strings,[object Object]
Zeli,Stripe_StripeUICore.bundle/cs-CZ.lproj/Localizable.strings,[object Object]
Zeli,Stripe_StripeUICore.bundle/da.lproj/Localizable.strings,[object Object]
Zeli,Stripe_StripeUICore.bundle/de.lproj/Localizable.strings,[object Object]
Zeli,Stripe_StripeUICore.bundle/el-GR.lproj/Localizable.strings,[object Object]
Zeli,Stripe_StripeUICore.bundle/en-GB.lproj/Localizable.strings,[object Object]
Zeli,Stripe_StripeUICore.bundle/en.lproj/Localizable.strings,[object Object]
Zeli,Stripe_StripeUICore.bundle/es-419.lproj/Localizable.strings,[object Object]
Zeli,Stripe_StripeUICore.bundle/es.lproj/Localizable.strings,[object Object]
Zeli,Stripe_StripeUICore.bundle/et-EE.lproj/Localizable.strings,[object Object]
Zeli,Stripe_StripeUICore.bundle/fi.lproj/Localizable.strings,[object Object]
Zeli,Stripe_StripeUICore.bundle/fil.lproj/Localizable.strings,[object Object]
Zeli,Stripe_StripeUICore.bundle/fr-CA.lproj/Localizable.strings,[object Object]
Zeli,Stripe_StripeUICore.bundle/fr.lproj/Localizable.strings,[object Object]
Zeli,Stripe_StripeUICore.bundle/hr.lproj/Localizable.strings,[object Object]
Zeli,Stripe_StripeUICore.bundle/hu.lproj/Localizable.strings,[object Object]
Zeli,Stripe_StripeUICore.bundle/id.lproj/Localizable.strings,[object Object]
Zeli,Stripe_StripeUICore.bundle/it.lproj/Localizable.strings,[object Object]
Zeli,Stripe_StripeUICore.bundle/ja.lproj/Localizable.strings,[object Object]
Zeli,Stripe_StripeUICore.bundle/ko.lproj/Localizable.strings,[object Object]
Zeli,Stripe_StripeUICore.bundle/localized_address_data.json,AYP3yqVVgkwF9+4KwMYNMXVL/lA=
Zeli,Stripe_StripeUICore.bundle/lt-LT.lproj/Localizable.strings,[object Object]
Zeli,Stripe_StripeUICore.bundle/lv-LV.lproj/Localizable.strings,[object Object]
Zeli,Stripe_StripeUICore.bundle/ms-MY.lproj/Localizable.strings,[object Object]
Zeli,Stripe_StripeUICore.bundle/mt.lproj/Localizable.strings,[object Object]
Zeli,Stripe_StripeUICore.bundle/nb.lproj/Localizable.strings,[object Object]
Zeli,Stripe_StripeUICore.bundle/nl.lproj/Localizable.strings,[object Object]
Zeli,Stripe_StripeUICore.bundle/nn-NO.lproj/Localizable.strings,[object Object]
Zeli,Stripe_StripeUICore.bundle/pl-PL.lproj/Localizable.strings,[object Object]
Zeli,Stripe_StripeUICore.bundle/pt-BR.lproj/Localizable.strings,[object Object]
Zeli,Stripe_StripeUICore.bundle/pt-PT.lproj/Localizable.strings,[object Object]
Zeli,Stripe_StripeUICore.bundle/ro-RO.lproj/Localizable.strings,[object Object]
Zeli,Stripe_StripeUICore.bundle/ru.lproj/Localizable.strings,[object Object]
Zeli,Stripe_StripeUICore.bundle/sk-SK.lproj/Localizable.strings,[object Object]
Zeli,Stripe_StripeUICore.bundle/sl-SI.lproj/Localizable.strings,[object Object]
Zeli,Stripe_StripeUICore.bundle/sv.lproj/Localizable.strings,[object Object]
Zeli,Stripe_StripeUICore.bundle/tr.lproj/Localizable.strings,[object Object]
Zeli,Stripe_StripeUICore.bundle/vi.lproj/Localizable.strings,[object Object]
Zeli,Stripe_StripeUICore.bundle/zh-HK.lproj/Localizable.strings,[object Object]
Zeli,Stripe_StripeUICore.bundle/zh-Hans.lproj/Localizable.strings,[object Object]
Zeli,Stripe_StripeUICore.bundle/zh-Hant.lproj/Localizable.strings,[object Object]
Zeli,Success.json,ZiX0sZEcemTq0HUhdX70LIErmrs=
Zeli,Surprise.json,Qo+93vdy45CM/iBNGLH7YLTaNkc=
Zeli,SwiftProtobuf_SwiftProtobuf.bundle/Info.plist,UMyydPKklHiZzTLSNlK3/CkbsBk=
Zeli,SwiftProtobuf_SwiftProtobuf.bundle/PrivacyInfo.xcprivacy,F6mYXr6EQZyLKcQNM0vmTGcGMns=
